138745	green
138747	green
138749	green
138750	green
138751	green
138753	green
138754	green
138755	green
138758	green
138759	green
138761	green
138762	green
138763	green
138765	green
138766	green
138769	green
138770	green
138772	green
138774	green
138779	green
138785	green
138795	green
138804	green
138805	green
138814	green
138816	green
138818	green
138819	green
138820	green
138821	green
138823	green
138824	green
138825	green
138827	green
138828	green
138829	green
138832	green
138833	green
138834	green
138835	green
138837	green
138838	green
138839	green
138840	green
138841	green
138844	green
138845	green
138846	green
138847	green
138849	green
138850	green
138853	green
138858	green
138859	green
138872	green
138875	green
138878	green
138879	green
138880	green
138888	green
138889	green
138890	green
138895	green
138896	green
138900	green
138905	green
138911	green
138915	green
138916	green
138918	green
138919	green
138924	green
138925	green
138927	green
138929	green
138930	green
138931	green
138932	green
138933	green
138935	green
138938	green
138940	green
138942	green
138943	green
138954	green
138957	green
138959	green
138960	green
138961	green
138962	green
138963	green
138967	green
138968	green
138969	green
138970	green
138971	green
138972	green
138975	green
138976	green
139005	green
139130	green
139175	green
139227	green
139245	green
139253	green
139260	green
139261	green
139264	green
139265	green
139266	green
139269	green
139274	green
139276	green
139278	green
139283	green
139284	green
139287	green
139292	green
139295	green
139296	green
139300	green
139302	green
139303	green
139306	green
139307	green
139308	green
139309	green
139310	green
139311	green
139312	green
139313	green
139314	green
139315	green
139316	green
139317	green
139318	green
139319	green
139326	green
139327	green
139339	green
139343	green
139345	green
139346	green
139352	green
139353	green
139355	green
139363	green
139364	green
139367	green
139369	green
139370	green
139373	green
139378	green
139383	green
139384	green
139385	green
139386	green
139388	green
139389	green
139390	green
139391	green
139396	green
139404	green
139405	green
139407	green
139408	green
139409	green
139415	green
139418	green
139419	green
139420	green
139423	green
139428	green
139430	green
139432	green
139433	green
139434	green
139435	green
139438	green
139439	green
139440	green
139441	green
139442	green
139444	green
139445	green
139446	green
139449	green
139453	green
139456	green
139457	green
139458	green
139459	green
139461	green
139466	green
139467	green
139468	green
139473	green
139474	green
139476	green
139477	green
139481	green
139482	green
139486	green
139487	green
139488	green
139489	green
139492	green
139493	green
139494	green
139495	green
139496	green
139497	green
139500	green
139502	green
139504	green
139505	green
139506	green
139507	green
139510	green
139511	green
139518	green
139524	green
139527	green
139528	green
139529	green
139530	green
139531	green
139534	green
139536	green
139537	green
139546	green
139548	green
139551	green
139553	green
139554	green
139556	green
139559	green
139560	green
139562	green
139565	green
139568	green
